,Price
2016-01-01,100.0
2016-01-02,100.05280177301519
2016-01-03,
2016-01-04,98.26855535126265
2016-01-05,96.72395243506692
2016-01-06,98.69776815474384
2016-01-07,99.53641381025423
2016-01-08,98.88680311044463
2016-01-09,
2016-01-10,
2016-01-11,100.06807124350291
2016-01-12,101.11536149020979
2016-01-13,101.19168819618393
2016-01-14,99.89422974006858
2016-01-15,97.79562911982784
2016-01-16,
2016-01-17,
2016-01-18,96.07313038331213
2016-01-19,95.62114784033747
2016-01-20,95.04554675666893
2016-01-21,93.92536917027336
2016-01-22,94.17389100730979
2016-01-23,96.22153796630249
2016-01-24,
2016-01-25,96.7997636978619
2016-01-26,97.08031853624661
2016-01-27,96.33611181521587
2016-01-28,96.45459018023233
2016-01-29,96.19513728721388
2016-01-30,
2016-01-31,
2016-02-01,95.7049009814854
2016-02-02,95.00748015221805
2016-02-03,94.41918369927885
2016-02-04,94.55206439881792
2016-02-05,95.22310367351562
2016-02-06,96.88138001639433
2016-02-07,
2016-02-08,99.20272608623169
2016-02-09,98.35250319665876
2016-02-10,98.9022997109864
2016-02-11,100.86414784311992
2016-02-12,100.9758358770758
2016-02-13,
2016-02-14,
2016-02-15,102.58879049278127
2016-02-16,102.29350034497668
2016-02-17,103.17267680766986
2016-02-18,103.2158589427151
2016-02-19,103.69636444185666
2016-02-20,
2016-02-21,
2016-02-22,102.31668908709328
2016-02-23,101.78332052874846
2016-02-24,102.14600397134834
2016-02-25,102.88403187084396
2016-02-26,101.1073774810982
2016-02-27,100.37652872828838
2016-02-28,
2016-02-29,101.58287678714338
2016-03-01,102.77359973480071
2016-03-02,102.03120913018134
2016-03-03,104.14531715477273
2016-03-04,105.90736589347915
2016-03-05,
2016-03-06,
2016-03-07,105.91092025233884
2016-03-08,105.47902328436179
2016-03-09,107.85683443646927
2016-03-10,107.25166023806626
2016-03-11,106.97391039850982
2016-03-12,107.12180263619926
2016-03-13,
2016-03-14,107.18314265221692
2016-03-15,106.95049279488514
2016-03-16,
2016-03-17,105.669945596016
2016-03-18,105.51890930462665
2016-03-19,
2016-03-20,
2016-03-21,106.0278678551226
2016-03-22,106.59008207533311
2016-03-23,107.60161854729036
2016-03-24,107.14402499152587
2016-03-25,107.61624317084917
2016-03-26,107.50568976318797
2016-03-27,
2016-03-28,105.9921023768423
2016-03-29,105.26620696123199
2016-03-30,103.70329315800346
2016-03-31,103.88649268167825
2016-04-01,105.12172003728625
2016-04-02,106.66243007341043
2016-04-03,
2016-04-04,109.34660931466027
2016-04-05,109.66188400922434
2016-04-06,109.51361323114313
2016-04-07,108.9654120910463
2016-04-08,108.19979726570983
2016-04-09,108.62013866270522
2016-04-10,
2016-04-11,
2016-04-12,112.044047556582
2016-04-13,110.7617809267713
2016-04-14,110.62284235953808
2016-04-15,109.4358023070189
2016-04-16,109.79504369429324
2016-04-17,
2016-04-18,108.193803930365
2016-04-19,107.86439497781855
2016-04-20,108.15222440046848
2016-04-21,108.36466170273151
2016-04-22,107.80591432999964
2016-04-23,
2016-04-24,
2016-04-25,108.37557092126528
2016-04-26,106.39192669223287
2016-04-27,
2016-04-28,107.34645321365423
2016-04-29,107.55959377210375
2016-04-30,109.10424211534169
2016-05-01,
2016-05-02,110.20225733506939
2016-05-03,109.13302582361453
2016-05-04,107.43302126043652
2016-05-05,107.19115865875466
2016-05-06,108.91725342460118
2016-05-07,109.18532722739383
2016-05-08,
2016-05-09,110.77225284756378
2016-05-10,110.84923063921946
2016-05-11,111.37513680406312
2016-05-12,110.32074379708227
2016-05-13,110.14023356862872
2016-05-14,109.46201574243952
2016-05-15,
2016-05-16,110.77544619353449
2016-05-17,109.06579861691685
2016-05-18,110.92846438784214
2016-05-19,113.07934145700366
2016-05-20,110.97697768618657
2016-05-21,109.32519047716538
2016-05-22,
2016-05-23,111.21730409891994
2016-05-24,111.83922736414114
2016-05-25,112.02233517426967
2016-05-26,114.40162982151215
2016-05-27,113.44520977867658
2016-05-28,112.78835633210487
2016-05-29,
2016-05-30,112.7181391348518
2016-05-31,111.83305816791476
2016-06-01,111.9096941100938
2016-06-02,112.2699058223905
2016-06-03,
2016-06-04,111.62215601255332
2016-06-05,
2016-06-06,110.9060309574316
2016-06-07,111.7805520381284
2016-06-08,111.81176639413046
2016-06-09,113.07707156872118
2016-06-10,114.09952656465016
2016-06-11,114.99534708754264
2016-06-12,
2016-06-13,115.09569090872287
2016-06-14,114.75810516409699
2016-06-15,113.83220483948308
2016-06-16,114.10014730550975
2016-06-17,115.3339489182825
2016-06-18,
2016-06-19,
2016-06-20,115.85327928854032
2016-06-21,116.39698285423239
2016-06-22,115.0488502667373
2016-06-23,115.85802440517384
2016-06-24,117.67658536661251
2016-06-25,119.22551932964134
2016-06-26,
2016-06-27,119.35285931745592
2016-06-28,119.89294427483183
2016-06-29,118.9102138170021
2016-06-30,120.15388621044482
2016-07-01,122.08728769909656
2016-07-02,
2016-07-03,
2016-07-04,125.02350610970893
2016-07-05,126.35376540648564
2016-07-06,125.80080122941845
2016-07-07,125.61492656838979
2016-07-08,127.3223227403804
2016-07-09,
2016-07-10,
2016-07-11,126.55747734844549
2016-07-12,126.98324911986438
2016-07-13,127.43251445586512
2016-07-14,127.96181780909484
2016-07-15,127.79119519588275
2016-07-16,128.1234023635368
2016-07-17,
2016-07-18,127.20321396349317
2016-07-19,126.74698554749844
2016-07-20,126.13616652003412
2016-07-21,126.34727693709442
2016-07-22,125.47816343785223
2016-07-23,122.51909474218516
2016-07-24,
2016-07-25,126.56187171330863
2016-07-26,127.41829169690845
2016-07-27,125.41780843245867
2016-07-28,126.89450511322981
2016-07-29,128.38514579449293
2016-07-30,
2016-07-31,
2016-08-01,131.8475909874551
2016-08-02,133.16234933497805
2016-08-03,132.1867750218291
2016-08-04,132.8149493821995
2016-08-05,
2016-08-06,132.4576921896566
2016-08-07,
2016-08-08,132.6171206652989
2016-08-09,134.22609727443913
2016-08-10,135.34151435171302
2016-08-11,137.3738841058727
2016-08-12,137.21132199011095
2016-08-13,135.99632443995586
2016-08-14,
2016-08-15,136.03685979206327
2016-08-16,135.05164032158393
2016-08-17,135.36143755308967
2016-08-18,134.28964195170454
2016-08-19,133.6172270919689
2016-08-20,
2016-08-21,
2016-08-22,134.0174112464878
2016-08-23,134.80903066646442
2016-08-24,137.20395519194258
2016-08-25,137.51564249136294
2016-08-26,140.36278495058517
2016-08-27,
2016-08-28,
2016-08-29,138.16548475632726
2016-08-30,137.43499261683095
2016-08-31,
2016-09-01,137.4233368668087
2016-09-02,136.79059104361028
2016-09-03,137.37780816094656
2016-09-04,
2016-09-05,137.6159338444665
2016-09-06,140.06706082887789
2016-09-07,140.7824372681236
2016-09-08,140.81318171675827
2016-09-09,140.90893972620157
2016-09-10,
2016-09-11,
2016-09-12,144.09356795749068
2016-09-13,144.605221915975
2016-09-14,146.91291359027602
2016-09-15,
2016-09-16,149.0073965639389
2016-09-17,
2016-09-18,
2016-09-19,145.96890489663807
2016-09-20,144.14799647306447
2016-09-21,141.5091328909436
2016-09-22,142.64958626390018
2016-09-23,143.3790717736065
2016-09-24,143.18914555488317
2016-09-25,
2016-09-26,141.96552198125255
2016-09-27,140.69805696633088
2016-09-28,141.8121595487644
2016-09-29,143.78902741879546
2016-09-30,145.93569066078513
2016-10-01,
2016-10-02,
2016-10-03,149.1239550494114
2016-10-04,148.48990008099997
2016-10-05,
2016-10-06,149.3535004257499
2016-10-07,147.37833599307345
2016-10-08,148.26665459321626
2016-10-09,
2016-10-10,151.02918161025457
2016-10-11,151.3475061041675
2016-10-12,150.03910356789916
2016-10-13,146.99314861809628
2016-10-14,147.32082984210646
2016-10-15,147.2329394897547
2016-10-16,
2016-10-17,147.62013072850593
2016-10-18,149.23879487133587
2016-10-19,150.08604587652562
2016-10-20,150.70724817096348
2016-10-21,149.0395573501519
2016-10-22,
2016-10-23,
2016-10-24,149.37561868735472
2016-10-25,150.77848688291152
2016-10-26,150.28089272613673
2016-10-27,147.94498124602623
2016-10-28,149.6274076923597
2016-10-29,
2016-10-30,
2016-10-31,151.33584571675016
2016-11-01,153.60304501716374
2016-11-02,152.60706890091262
2016-11-03,154.6709025661555
2016-11-04,156.2112725878364
2016-11-05,157.01489163065688
2016-11-06,
2016-11-07,160.1719039776004
2016-11-08,160.53775786029598
2016-11-09,162.98722722640318
2016-11-10,163.59563403241572
2016-11-11,164.30112180360328
2016-11-12,
2016-11-13,
2016-11-14,163.01073863943745
2016-11-15,163.98746275964382
2016-11-16,
2016-11-17,163.11247562304777
2016-11-18,162.05404382411393
2016-11-19,160.162625978026
2016-11-20,
2016-11-21,161.98058622982683
2016-11-22,162.20984619398467
2016-11-23,162.44718561438737
2016-11-24,161.14847091505305
2016-11-25,162.6508119130129
2016-11-26,162.50000925412846
2016-11-27,
2016-11-28,
2016-11-29,162.4174402533051
2016-11-30,159.18550271072527
2016-12-01,154.23686132429296
2016-12-02,151.70837989086797
2016-12-03,151.33709690982073
2016-12-04,
2016-12-05,150.4079265706231
2016-12-06,151.24435867694876
2016-12-07,151.17321487929595
2016-12-08,150.8660564542698
2016-12-09,150.65208091078196
2016-12-10,149.05187135811377
2016-12-11,
2016-12-12,
2016-12-13,146.38285577912745
2016-12-14,147.20863721635268
2016-12-15,
2016-12-16,151.58003056057356
2016-12-17,152.42119558901084
2016-12-18,
2016-12-19,154.07475065504426
2016-12-20,152.09179934808319
2016-12-21,153.3236027495582
2016-12-22,152.8090038565462
2016-12-23,154.41575776695979
2016-12-24,
2016-12-25,
2016-12-26,153.7254867403095
2016-12-27,152.6683709476384
2016-12-28,154.62862348787007
2016-12-29,153.28497886054345
2016-12-30,152.15809697376008
2016-12-31,151.10871859342595
2017-01-01,
2017-01-02,148.8093435384918
2017-01-03,149.14340673142576
2017-01-04,151.0603804727454
2017-01-05,152.1769736596303
2017-01-06,155.14949149775427
2017-01-07,
2017-01-08,
2017-01-09,157.2121928700223
2017-01-10,158.98155061088002
2017-01-11,157.69108777587115
2017-01-12,158.31517178572741
2017-01-13,159.4499265808384
2017-01-14,
2017-01-15,
2017-01-16,158.3340994365931
2017-01-17,160.81785526131796
2017-01-18,
2017-01-19,160.77778066098608
2017-01-20,161.99452721782671
2017-01-21,161.93937090856463
2017-01-22,
2017-01-23,162.5431958156035
2017-01-24,161.69290317259154
2017-01-25,160.2852621445035
2017-01-26,159.8785946240023
2017-01-27,160.03643557601
2017-01-28,
2017-01-29,
2017-01-30,159.06364036523172
2017-01-31,156.80421014980726
2017-02-01,157.2864653837202
2017-02-02,159.1423031542966
2017-02-03,158.835579571739
2017-02-04,
2017-02-05,
2017-02-06,161.13704507628717
2017-02-07,161.8413078923079
2017-02-08,160.567101146291
2017-02-09,159.99291260476264
2017-02-10,159.31468449737628
2017-02-11,161.09597866228086
2017-02-12,
2017-02-13,
2017-02-14,158.3951271260552
2017-02-15,156.50785437601078
2017-02-16,157.63495670471326
2017-02-17,159.18967725814002
2017-02-18,
2017-02-19,
2017-02-20,161.20050240875253
2017-02-21,161.66204023598243
2017-02-22,163.3173679817394
2017-02-23,163.3968410916159
2017-02-24,164.01790583855558
2017-02-25,
2017-02-26,
2017-02-27,
2017-02-28,166.58992097472014
2017-03-01,166.338853809451
2017-03-02,166.1173772228428
2017-03-03,165.69894667374902
2017-03-04,168.74177674332338
2017-03-05,
2017-03-06,167.74322483859808
2017-03-07,168.87189740695118
2017-03-08,169.8972070729981
2017-03-09,170.6707494437856
2017-03-10,169.61312147257718
2017-03-11,
2017-03-12,
2017-03-13,169.3514776621441
2017-03-14,169.53776153326342
2017-03-15,172.47661057763392
2017-03-16,172.58073867868146
2017-03-17,
2017-03-18,
2017-03-19,
2017-03-20,168.47705427292038
2017-03-21,168.4736313301048
2017-03-22,167.2890098340153
2017-03-23,167.44888961821258
2017-03-24,167.13163277358055
2017-03-25,171.00164979920626
2017-03-26,
2017-03-27,169.6814566479774
2017-03-28,
2017-03-29,171.87696988583275
2017-03-30,170.77423284075886
2017-03-31,173.16780758656876
2017-04-01,174.74382912731713
2017-04-02,
2017-04-03,175.35680927215589
2017-04-04,175.50865820004776
2017-04-05,177.2918236030882
2017-04-06,179.54928004541688
2017-04-07,177.750372239343
2017-04-08,179.9139139010832
2017-04-09,
2017-04-10,180.12145780545453
2017-04-11,178.32056838431768
2017-04-12,177.69880657243417
2017-04-13,178.67998519392125
2017-04-14,180.42213231975936
2017-04-15,181.44819754668757
2017-04-16,
2017-04-17,179.81416985405775
2017-04-18,177.62049028727012
2017-04-19,178.16733802365178
2017-04-20,179.6587318325647
2017-04-21,184.68794207924083
2017-04-22,184.68199689660864
2017-04-23,
2017-04-24,189.74755604302447
2017-04-25,187.2533849430085
2017-04-26,188.24796430013743
2017-04-27,189.20099789222195
2017-04-28,188.82395461867628
2017-04-29,188.86173494778185
2017-04-30,
2017-05-01,189.6641702237557
2017-05-02,187.62779754746828
2017-05-03,187.5842403323367
2017-05-04,187.6038830864826
2017-05-05,188.28576359742695
2017-05-06,183.51706597573965
2017-05-07,
2017-05-08,184.0872220574999
2017-05-09,182.6733727879458
2017-05-10,
2017-05-11,182.6874886846015
2017-05-12,183.8893713029685
2017-05-13,183.4958870615942
2017-05-14,
2017-05-15,
2017-05-16,180.05016298612873
2017-05-17,
2017-05-18,181.03335622917993
2017-05-19,180.92477032636995
2017-05-20,
2017-05-21,
2017-05-22,183.7340917066939
2017-05-23,184.74204129307594
2017-05-24,182.79985623133172
2017-05-25,185.1119868885081
2017-05-26,186.71137939683103
2017-05-27,188.41288469208646
2017-05-28,
2017-05-29,186.70029528938855
2017-05-30,185.4056923516554
2017-05-31,182.63676172525786
2017-06-01,185.05057573931714
2017-06-02,181.85016839774494
2017-06-03,183.1040841683696
2017-06-04,
2017-06-05,180.74093229077818
2017-06-06,180.99956500132112
2017-06-07,181.56393163317634
2017-06-08,181.13012722691474
2017-06-09,183.40957792340146
2017-06-10,180.5583091431288
2017-06-11,
2017-06-12,180.07868844391407
2017-06-13,181.25814220088043
2017-06-14,182.0749335824188
2017-06-15,183.29528964663982
2017-06-16,184.8672126136599
2017-06-17,184.42179824826604
2017-06-18,
2017-06-19,184.00260890669415
2017-06-20,186.3974793649559
2017-06-21,185.44292018328153
2017-06-22,186.70249986991894
2017-06-23,188.9221157879559
2017-06-24,
2017-06-25,
2017-06-26,186.70397221661085
2017-06-27,186.8198246565854
2017-06-28,189.17936812310387
2017-06-29,188.21318274210105
2017-06-30,188.20197110326083
2017-07-01,
2017-07-02,
2017-07-03,192.47028432050848
2017-07-04,195.98848404708144
2017-07-05,196.71028354011432
2017-07-06,196.88698137605854
2017-07-07,191.8918772238143
2017-07-08,190.72462810684792
2017-07-09,
2017-07-10,187.8811059006197
2017-07-11,184.3742455082829
2017-07-12,186.07958092416416
2017-07-13,188.02276355076657
2017-07-14,186.63198518537396
2017-07-15,187.3382409705526
2017-07-16,
2017-07-17,191.24503443631983
2017-07-18,188.73525700055816
2017-07-19,187.56850401492932
2017-07-20,191.28049252289125
2017-07-21,191.5454446670484
2017-07-22,
2017-07-23,
2017-07-24,190.19160836138556
2017-07-25,191.4287690531023
2017-07-26,191.23845319773562
2017-07-27,188.33085391849787
2017-07-28,186.55858507443554
2017-07-29,
2017-07-30,
2017-07-31,189.93670302129593
2017-08-01,189.10896307740742
2017-08-02,
2017-08-03,186.12190951228825
2017-08-04,186.27487309712535
2017-08-05,185.6132881348834
2017-08-06,
2017-08-07,187.59364010976802
2017-08-08,187.90755337957992
2017-08-09,187.7361888295183
2017-08-10,188.6270620869476
2017-08-11,188.71703416524505
2017-08-12,
2017-08-13,
2017-08-14,191.43862924899716
2017-08-15,193.1350299629639
2017-08-16,196.7343568995577
2017-08-17,197.75005011169017
2017-08-18,196.06994615707097
2017-08-19,
2017-08-20,
2017-08-21,193.03048229334922
2017-08-22,196.72777006110294
2017-08-23,196.96604003140018
2017-08-24,
2017-08-25,194.98737849599792
2017-08-26,
2017-08-27,
2017-08-28,
2017-08-29,199.3986097105874
2017-08-30,200.09129435727547
2017-08-31,201.3865868337268
2017-09-01,202.1331190663341
2017-09-02,203.9923190623636
2017-09-03,
2017-09-04,199.71931592548347
2017-09-05,201.14794552685527
2017-09-06,201.1760704167294
2017-09-07,201.15543014779948
2017-09-08,200.66950022732368
2017-09-09,
2017-09-10,
2017-09-11,205.46634509653106
2017-09-12,205.2973719093279
2017-09-13,206.9807939390933
2017-09-14,204.9640707365072
2017-09-15,204.77710646687711
2017-09-16,
2017-09-17,
2017-09-18,208.2376305035666
2017-09-19,211.09092983345437
2017-09-20,213.0368579616762
2017-09-21,212.53400116304812
2017-09-22,213.65247752231306
2017-09-23,214.34663030939274
2017-09-24,
2017-09-25,214.96723663697296
2017-09-26,214.59683836750023
2017-09-27,216.76614953410797
2017-09-28,214.35067502274853
2017-09-29,212.37619340497952
2017-09-30,214.13777679937778
2017-10-01,
2017-10-02,220.85092601148588
2017-10-03,216.7607755639636
2017-10-04,218.51183574991063
2017-10-05,221.52209100725386
2017-10-06,223.45300917647037
2017-10-07,
2017-10-08,
2017-10-09,222.02278999078447
2017-10-10,218.980946896477
2017-10-11,218.1702017363201
2017-10-12,217.81104375755746
2017-10-13,218.97403143590307
2017-10-14,
2017-10-15,
2017-10-16,213.76524018960797
2017-10-17,211.7836332455977
2017-10-18,210.85115049970148
2017-10-19,214.30253931948812
2017-10-20,
2017-10-21,218.50287011323175
2017-10-22,
2017-10-23,216.08293555109705
2017-10-24,218.7698161036745
2017-10-25,220.7677488959574
2017-10-26,222.09972235796224
2017-10-27,223.94439767524923
2017-10-28,224.43093883700317
2017-10-29,
2017-10-30,225.85405616783922
2017-10-31,223.82339315747194
2017-11-01,226.5038992406211
2017-11-02,227.12802831443096
2017-11-03,230.665266919003
2017-11-04,230.54875967907472
2017-11-05,
2017-11-06,228.44643645935713
2017-11-07,224.30039811504702
2017-11-08,225.66790467551434
2017-11-09,226.69901822283305
2017-11-10,224.9503925651805
2017-11-11,222.8418021628828
2017-11-12,
2017-11-13,223.22654165083637
2017-11-14,222.6204662638561
2017-11-15,226.2293519532407
2017-11-16,226.6425303717859
2017-11-17,227.9850583979695
2017-11-18,
2017-11-19,
2017-11-20,226.99518920419632
2017-11-21,225.705727073006
2017-11-22,220.85610956172835
2017-11-23,219.94886972316868
2017-11-24,220.51706259796967
2017-11-25,219.58313369783275
2017-11-26,
2017-11-27,223.38275304632074
2017-11-28,221.909010100015
2017-11-29,223.79659366453106
2017-11-30,224.9403940619147
2017-12-01,224.1883991825238
2017-12-02,227.16503459904612
2017-12-03,
2017-12-04,233.7854599964637
2017-12-05,232.45170572547468
2017-12-06,232.58958446885103
2017-12-07,231.0026051447179
2017-12-08,227.0377629775381
2017-12-09,
2017-12-10,
2017-12-11,226.30420342068837
2017-12-12,228.3804860002745
2017-12-13,228.03689144511821
2017-12-14,225.5564254445106
2017-12-15,224.96635205701995
2017-12-16,225.16972214239263
2017-12-17,
2017-12-18,224.52030847507936
2017-12-19,226.50315147927137
2017-12-20,225.5255170731902
2017-12-21,225.55692206901776
2017-12-22,226.94921862537888
2017-12-23,
2017-12-24,
2017-12-25,227.56757291896287
2017-12-26,227.4276490073631
2017-12-27,231.30973945485286
2017-12-28,230.9033429329307
2017-12-29,229.43679582123048
2017-12-30,232.74639970089495
2017-12-31,
2018-01-01,232.2852179231127
2018-01-02,228.312445577523
2018-01-03,226.71740069579238
2018-01-04,224.85046311310617
2018-01-05,
2018-01-06,223.89567635486708
2018-01-07,
2018-01-08,224.67715710598432
2018-01-09,225.5431986523551
2018-01-10,223.5826031407583
2018-01-11,222.35729105917613
2018-01-12,222.53049046840025
2018-01-13,
2018-01-14,
2018-01-15,224.15482574184966
2018-01-16,226.76824118810748
2018-01-17,
2018-01-18,228.55612379028557
2018-01-19,229.53697591794722
2018-01-20,229.0727531611801
2018-01-21,
2018-01-22,229.65476921068398
2018-01-23,228.79682610791528
2018-01-24,229.96864670464814
2018-01-25,229.82002737296398
2018-01-26,228.1028958227302
2018-01-27,233.77857983299845
2018-01-28,
2018-01-29,228.00574603862586
2018-01-30,231.0671699849227
2018-01-31,231.56433256093513
2018-02-01,231.84017155111246
2018-02-02,235.99360813053408
2018-02-03,236.63885514684324
2018-02-04,
2018-02-05,235.74816651761816
2018-02-06,235.18047134882067
2018-02-07,234.53904204137626
2018-02-08,231.80362725718217
2018-02-09,234.04831370645945
2018-02-10,231.31603964673482
2018-02-11,
2018-02-12,239.40424441703598
2018-02-13,239.8168235554115
2018-02-14,238.36850058580507
2018-02-15,238.85263759363355
2018-02-16,237.13780106643557
2018-02-17,237.83396445099592
2018-02-18,
2018-02-19,243.5613941921906
2018-02-20,243.07967109322277
2018-02-21,243.49701156099198
2018-02-22,246.0794771330502
2018-02-23,244.7476101823105
2018-02-24,248.9908341637412
2018-02-25,
2018-02-26,249.38475856044892
2018-02-27,250.8018141006357
2018-02-28,247.72563703992523
2018-03-01,250.3054359738788
2018-03-02,250.79237522823757
2018-03-03,251.89471549582532
2018-03-04,
2018-03-05,247.75564269694948
2018-03-06,249.33860514587906
2018-03-07,252.57862082622216
2018-03-08,252.32422328019726
2018-03-09,255.39276478851235
2018-03-10,
2018-03-11,
2018-03-12,261.4025348317159
2018-03-13,
2018-03-14,262.587569700533
2018-03-15,258.0954313459405
2018-03-16,258.977803717327
2018-03-17,258.58588296988955
2018-03-18,
2018-03-19,256.05566921036245
2018-03-20,259.3633253214699
2018-03-21,256.0032415426155
2018-03-22,256.7684304971994
2018-03-23,259.50233346884517
2018-03-24,
2018-03-25,
2018-03-26,260.5768380244316
2018-03-27,258.4600508767592
2018-03-28,257.04650865460957
2018-03-29,
2018-03-30,256.6752752973261
2018-03-31,259.68745851536397
2018-04-01,
2018-04-02,257.80140813903967
2018-04-03,255.40676987333813
2018-04-04,254.4502055765773
2018-04-05,253.7316844822663
2018-04-06,250.3583092389733
2018-04-07,
2018-04-08,
2018-04-09,254.02373630888334
2018-04-10,255.60426563935917
2018-04-11,259.964192258902
2018-04-12,259.3444718576168
2018-04-13,261.8752957629438
2018-04-14,
2018-04-15,
2018-04-16,
2018-04-17,265.30609150082034
2018-04-18,261.3943865833285
2018-04-19,259.8937024883052
2018-04-20,261.34051251073413
2018-04-21,
2018-04-22,
2018-04-23,265.5000786852367
2018-04-24,268.4234519609788
2018-04-25,268.1649873312825
2018-04-26,268.0739709160569
2018-04-27,265.38562312983265
2018-04-28,
2018-04-29,
2018-04-30,268.8293021673357
2018-05-01,269.63154579877806
2018-05-02,270.71859091036225
2018-05-03,276.71255485693985
2018-05-04,276.65011554342436
2018-05-05,
2018-05-06,
2018-05-07,281.04216016140293
2018-05-08,280.70867061847736
2018-05-09,280.42181729586196
2018-05-10,282.16854082352035
2018-05-11,
2018-05-12,280.70904372198413
2018-05-13,
2018-05-14,287.2897977222496
2018-05-15,284.8381990771475
2018-05-16,288.04851637644305
2018-05-17,288.62724430643453
2018-05-18,286.0201696126507
2018-05-19,
2018-05-20,
2018-05-21,288.9563152264751
2018-05-22,282.5581016983608
2018-05-23,282.5762653654793
2018-05-24,284.0853384827738
2018-05-25,285.17661538073094
2018-05-26,
2018-05-27,
2018-05-28,286.5805996437841
2018-05-29,283.4138645860444
2018-05-30,280.49713070739347
2018-05-31,278.7755144779932
2018-06-01,282.82816440999056
2018-06-02,281.19796838774096
2018-06-03,
2018-06-04,285.28005229912276
2018-06-05,287.53963317678284
2018-06-06,285.4885085316923
2018-06-07,280.20955568285217
2018-06-08,280.3929656713642
2018-06-09,
2018-06-10,
2018-06-11,283.4499793111121
2018-06-12,286.3198365540151
2018-06-13,285.5241470126414
2018-06-14,292.1574268056726
2018-06-15,296.69180584018227
2018-06-16,294.452726600908
2018-06-17,
2018-06-18,295.83700491522086
2018-06-19,294.9455820148603
2018-06-20,293.27631067089317
2018-06-21,292.61782843389665
2018-06-22,290.069410244157
2018-06-23,
2018-06-24,
2018-06-25,281.6418858012724
2018-06-26,280.169873862295
2018-06-27,274.26700835976743
2018-06-28,274.22590213098294
2018-06-29,
2018-06-30,276.2011177904867
2018-07-01,
2018-07-02,274.2639448989823
2018-07-03,272.65228926137775
2018-07-04,268.5248474633967
2018-07-05,267.2780918202267
2018-07-06,262.6898277018337
2018-07-07,265.2889609075753
2018-07-08,
2018-07-09,269.05889306612653
2018-07-10,268.9152311711785
2018-07-11,263.0409434091208
2018-07-12,263.0957968416744
2018-07-13,260.14343200088905
2018-07-14,
2018-07-15,
2018-07-16,266.4102016266146
2018-07-17,268.1205782037792
2018-07-18,264.0051396358876
2018-07-19,266.9894274328896
2018-07-20,266.00023335639617
2018-07-21,261.85242696496084
2018-07-22,
2018-07-23,264.3008520677424
2018-07-24,264.72268864628904
2018-07-25,265.14718568147134
2018-07-26,263.08169411948603
2018-07-27,259.43353568227445
2018-07-28,256.1667337045067
2018-07-29,
2018-07-30,258.92407905664544
2018-07-31,256.2455543769785
2018-08-01,255.0727417201141
2018-08-02,254.31693789219057
2018-08-03,247.52291943767725
2018-08-04,
2018-08-05,
2018-08-06,247.8708839486809
2018-08-07,
2018-08-08,250.9784560684833
2018-08-09,247.7247273703852
2018-08-10,244.85829234718986
2018-08-11,243.90632970107816
2018-08-12,
2018-08-13,
2018-08-14,251.06376480837338
2018-08-15,252.37930997433793
2018-08-16,250.81309576944818
2018-08-17,249.3781332978159
2018-08-18,
2018-08-19,
2018-08-20,255.5058828869356
2018-08-21,253.86048027136158
2018-08-22,252.5855491682472
2018-08-23,250.18842766817482
2018-08-24,250.74894464837828
2018-08-25,251.75660865691438
2018-08-26,
2018-08-27,255.7152486829826
2018-08-28,260.3226279612157
2018-08-29,261.96189060572965
2018-08-30,264.27934232199533
2018-08-31,264.3744771596836
2018-09-01,
2018-09-02,
2018-09-03,262.53579760959326
2018-09-04,263.86147278259295
2018-09-05,261.84113733755976
2018-09-06,265.3991871988819
2018-09-07,267.7225833414327
2018-09-08,
2018-09-09,
2018-09-10,273.05212372747644
2018-09-11,272.6250172992643
2018-09-12,277.7987407917637
2018-09-13,279.01004934314744
2018-09-14,277.37954528900525
2018-09-15,
2018-09-16,
2018-09-17,283.8391740724797
2018-09-18,277.1616100014489
2018-09-19,269.3276573324073
2018-09-20,269.60978886594756
2018-09-21,267.0411060929704
2018-09-22,267.24473421202833
2018-09-23,
2018-09-24,264.4151627676949
2018-09-25,262.78122592861706
2018-09-26,262.8676442463914
2018-09-27,260.9497416720045
2018-09-28,257.3487095251953
2018-09-29,252.30640837990444
2018-09-30,
2018-10-01,247.8704449712046
2018-10-02,249.36939216842438
2018-10-03,247.13975618324318
2018-10-04,247.7753894704353
2018-10-05,251.20151307773563
2018-10-06,
2018-10-07,
2018-10-08,247.7223721692433
2018-10-09,248.23864098915234
2018-10-10,248.32891109385048
2018-10-11,245.65634593117397
2018-10-12,248.46482835352438
2018-10-13,247.73138584353603
2018-10-14,
2018-10-15,250.15374927968037
2018-10-16,252.2345598371862
2018-10-17,253.82165654067356
2018-10-18,257.5226838216268
2018-10-19,
2018-10-20,254.41592164994574
2018-10-21,
2018-10-22,253.8724696314256
2018-10-23,253.92853136212912
2018-10-24,256.0238156850634
2018-10-25,252.41808505564464
2018-10-26,251.86866569931837
2018-10-27,251.83764612252952
2018-10-28,
2018-10-29,253.26700718406298
2018-10-30,257.601802908174
2018-10-31,260.21962163104445
2018-11-01,260.7644137525218
2018-11-02,260.7070620574009
2018-11-03,
2018-11-04,
2018-11-05,259.27361213919556
2018-11-06,259.5790148466828
2018-11-07,263.6005825328617
2018-11-08,260.29104107748753
2018-11-09,258.58384339389147
2018-11-10,261.53738167905004
2018-11-11,
2018-11-12,262.62624193371715
2018-11-13,257.7233209003275
2018-11-14,259.73020569081444
2018-11-15,260.1701324986576
2018-11-16,257.7442053367936
2018-11-17,
2018-11-18,
2018-11-19,254.99044166257397
2018-11-20,252.88590527727268
2018-11-21,256.27774390182407
2018-11-22,256.6805094896384
2018-11-23,255.86115432612075
2018-11-24,
2018-11-25,
2018-11-26,252.48753046007053
2018-11-27,254.8710569445867
2018-11-28,255.54456171164995
2018-11-29,255.0832420131058
2018-11-30,255.39463166420484
2018-12-01,257.40986469135237
2018-12-02,
2018-12-03,267.10297868339774
2018-12-04,263.659143927327
2018-12-05,263.94543525336445
2018-12-06,263.1925029648999
2018-12-07,267.5513169970074
2018-12-08,267.95306923066016
2018-12-09,
2018-12-10,269.84901612911193
2018-12-11,
2018-12-12,276.76913277432953
2018-12-13,281.20184128061663
2018-12-14,279.20380933552116
2018-12-15,279.9491502636224
2018-12-16,
2018-12-17,281.23842999525243
2018-12-18,285.36008688205516
2018-12-19,
2018-12-20,278.40160194155453
2018-12-21,271.9942262111595
2018-12-22,272.1298446220548
2018-12-23,
2018-12-24,270.96604913136525
2018-12-25,271.97589005799443
2018-12-26,
2018-12-27,273.30781867452123
2018-12-28,273.14483267954057
2018-12-29,275.3910369186188
2018-12-30,
2018-12-31,268.86332337071855
2019-01-01,266.605652579034
2019-01-02,
2019-01-03,262.19172857566406
2019-01-04,265.26630136902736
2019-01-05,
2019-01-06,
2019-01-07,271.5833466313703
2019-01-08,271.7985809485669
2019-01-09,271.0114201773366
2019-01-10,273.76474793347467
2019-01-11,279.87302701747893
2019-01-12,280.52908123598024
2019-01-13,
2019-01-14,
2019-01-15,
2019-01-16,281.92206300155357
2019-01-17,281.90464128514037
2019-01-18,282.38265264373047
2019-01-19,285.0351377034264
2019-01-20,
2019-01-21,281.8215688230813
2019-01-22,285.5805655756503
2019-01-23,285.162113144974
2019-01-24,281.31302484492244
2019-01-25,290.0616845048625
2019-01-26,
2019-01-27,
2019-01-28,291.4856248223298
2019-01-29,288.8238452857436
2019-01-30,288.4604035315297
2019-01-31,289.10318318152093
2019-02-01,288.9750774673924
2019-02-02,287.45748387895287
2019-02-03,
2019-02-04,286.40823318349516
2019-02-05,286.09941085534325
2019-02-06,289.7423214544736
2019-02-07,290.1074253866493
2019-02-08,
2019-02-09,297.6845065350599
2019-02-10,
2019-02-11,297.44774840619306
2019-02-12,301.98199411729706
2019-02-13,299.1898660877027
2019-02-14,298.56249129560103
2019-02-15,298.4894579774003
2019-02-16,293.1458509922052
2019-02-17,
2019-02-18,295.9234255118792
2019-02-19,293.9646489007139
2019-02-20,295.0144828861116
2019-02-21,291.6782207824392
2019-02-22,290.1013830550562
2019-02-23,
2019-02-24,
2019-02-25,
2019-02-26,290.54654691586757
2019-02-27,
2019-02-28,290.5732475603282
2019-03-01,292.7972968684089
2019-03-02,
2019-03-03,
2019-03-04,296.21246172458143
2019-03-05,299.22715891060784
2019-03-06,297.55054920794646
2019-03-07,299.82270208027154
2019-03-08,300.3741175166033
2019-03-09,
2019-03-10,
2019-03-11,309.78387659029835
2019-03-12,311.7025950916466
2019-03-13,310.8349030023237
2019-03-14,310.08685090091586
2019-03-15,316.1680594374851
2019-03-16,
2019-03-17,
2019-03-18,317.5187645116825
2019-03-19,318.10790798124833
2019-03-20,315.60419368847715
2019-03-21,319.6910539611089
2019-03-22,321.23973556161747
2019-03-23,325.4679212499892
2019-03-24,
2019-03-25,326.33024414626465
2019-03-26,327.27611527827383
2019-03-27,330.5092298646751
2019-03-28,331.18655299499716
2019-03-29,327.9396561373137
2019-03-30,326.21222016602684
2019-03-31,
2019-04-01,323.7564646537524
2019-04-02,325.6080978154659
2019-04-03,323.85269227296584
2019-04-04,320.5895460410756
2019-04-05,319.4489940503522
2019-04-06,318.27037185205927
2019-04-07,
2019-04-08,318.15363107422223
2019-04-09,314.82975304120316
2019-04-10,315.88104633627705
2019-04-11,316.8147788925945
2019-04-12,313.1978641294778
2019-04-13,310.53625346384285
2019-04-14,
2019-04-15,309.1343366386922
2019-04-16,
2019-04-17,312.2201658612312
2019-04-18,308.6797007048682
2019-04-19,306.55099550331954
2019-04-20,307.9399809786682
2019-04-21,
2019-04-22,302.51979293599703
2019-04-23,302.80281266452096
2019-04-24,302.06415841652586
2019-04-25,304.3442969599867
2019-04-26,305.4691639614462
2019-04-27,305.6592481086023
2019-04-28,
2019-04-29,304.7623785482881
2019-04-30,304.3699479170066
2019-05-01,309.2785589813704
2019-05-02,308.099045881054
2019-05-03,310.22642922671434
2019-05-04,314.4210848500855
2019-05-05,
2019-05-06,318.10653476416036
2019-05-07,322.4656588824458
2019-05-08,319.4716664325579
2019-05-09,318.4650998529166
2019-05-10,325.4130302749818
2019-05-11,
2019-05-12,
2019-05-13,325.3232985839041
2019-05-14,325.50909774317853
2019-05-15,329.9259796177484
2019-05-16,330.1484741651126
2019-05-17,328.91331605479434
2019-05-18,330.1727507231308
2019-05-19,
2019-05-20,329.5761716363569
2019-05-21,331.01015800767897
2019-05-22,327.80825513433
2019-05-23,330.6165931302325
2019-05-24,330.23431241959776
2019-05-25,
2019-05-26,
2019-05-27,329.8245134741473
2019-05-28,323.68790935890985
2019-05-29,321.65300717897645
2019-05-30,325.8922843600941
2019-05-31,324.93435720416335
2019-06-01,
2019-06-02,
2019-06-03,322.4303703250543
2019-06-04,331.646225363915
2019-06-05,338.14961120017466
2019-06-06,339.8317531314797
2019-06-07,339.3823186056588
2019-06-08,339.2318492902255
2019-06-09,
2019-06-10,343.17528021911903
2019-06-11,348.86045690821646
2019-06-12,348.3016496817294
2019-06-13,356.4443009789942
2019-06-14,362.86766870582625
2019-06-15,361.65554230245027
2019-06-16,
2019-06-17,
2019-06-18,347.16730610459746
2019-06-19,351.3316603016329
2019-06-20,349.6049473875034
2019-06-21,350.60803427183095
2019-06-22,351.74669963422497
2019-06-23,
2019-06-24,348.6360522479416
2019-06-25,350.61382721616985
2019-06-26,357.73937609472773
2019-06-27,351.3084351670723
2019-06-28,348.7946870528027
2019-06-29,351.1113686542316
2019-06-30,
2019-07-01,345.0713132842824
2019-07-02,339.12752173598403
2019-07-03,335.86686780377926
2019-07-04,340.1823629080463
2019-07-05,339.15528028136134
2019-07-06,
2019-07-07,
2019-07-08,337.0493983850958
2019-07-09,345.5508793611611
2019-07-10,348.64729547096834
2019-07-11,350.10390144237175
2019-07-12,343.1834199050208
2019-07-13,
2019-07-14,
2019-07-15,343.54846890300286
2019-07-16,344.51359252935373
2019-07-17,338.3328218390867
2019-07-18,336.8339909862484
2019-07-19,340.89855662690553
2019-07-20,
2019-07-21,
2019-07-22,339.16158073672705
2019-07-23,337.9965321268545
2019-07-24,344.0069811843617
2019-07-25,345.39879690862347
2019-07-26,349.619370282128
2019-07-27,354.53826002059685
2019-07-28,
2019-07-29,355.4339736585488
2019-07-30,354.0910899788726
2019-07-31,358.13388409058655
2019-08-01,359.4708671957989
2019-08-02,362.8450094621161
2019-08-03,
2019-08-04,
2019-08-05,353.42737026240394
2019-08-06,359.98715252794835
2019-08-07,364.23587087037345
2019-08-08,365.39391020662174
2019-08-09,368.3433172915256
2019-08-10,368.29191393772646
2019-08-11,
2019-08-12,370.1846425930984
2019-08-13,369.3137906858584
2019-08-14,373.5022585517084
2019-08-15,
2019-08-16,364.3301686458318
2019-08-17,
2019-08-18,
2019-08-19,370.2985328771449
2019-08-20,372.1025453178548
2019-08-21,372.7209004700434
2019-08-22,372.13615021858766
2019-08-23,371.3141824425125
2019-08-24,
2019-08-25,
2019-08-26,369.9515644314361
2019-08-27,369.3589523458009
2019-08-28,375.7264499682973
2019-08-29,371.14003939919314
2019-08-30,371.1536321781037
2019-08-31,364.0358864483451
2019-09-01,
2019-09-02,360.33607514990575
2019-09-03,358.14491108442246
2019-09-04,363.66238678414027
2019-09-05,362.1715976329364
2019-09-06,364.359795987222
2019-09-07,362.80271285909583
2019-09-08,
2019-09-09,357.40798996542736
2019-09-10,355.9547884455983
2019-09-11,360.33951835417145
2019-09-12,357.0478070881811
2019-09-13,354.82091192823873
2019-09-14,355.45248473964796
2019-09-15,
2019-09-16,359.9523087543858
2019-09-17,366.2269749411836
2019-09-18,365.2463614307964
2019-09-19,363.64067160731076
2019-09-20,367.14770386977375
2019-09-21,361.142650544737
2019-09-22,
2019-09-23,359.6094960612164
2019-09-24,361.26558518424343
2019-09-25,362.07994631700996
2019-09-26,356.2029767607633
2019-09-27,350.69573002133365
2019-09-28,353.0598899716126
2019-09-29,
2019-09-30,351.677675859123
2019-10-01,357.0245590005333
2019-10-02,356.34088254983806
2019-10-03,353.23384951067516
2019-10-04,349.1659962573137
2019-10-05,
2019-10-06,
2019-10-07,344.3062482624891
2019-10-08,339.2000699608828
2019-10-09,335.82864292528245
2019-10-10,
2019-10-11,342.3605983056884
2019-10-12,346.18781067199143
2019-10-13,
2019-10-14,339.95521749779545
2019-10-15,342.45547955780097
2019-10-16,349.7198932756166
2019-10-17,347.3667097462458
2019-10-18,347.9492303250422
2019-10-19,
2019-10-20,
2019-10-21,354.8507716687368
2019-10-22,352.52366527920054
2019-10-23,350.5917326073037
2019-10-24,358.01178485064395
2019-10-25,362.39839834071455
2019-10-26,
2019-10-27,
2019-10-28,355.19368558782946
2019-10-29,354.77947568501236
2019-10-30,348.07754198085996
2019-10-31,346.07536662999485
2019-11-01,341.25076334556746
2019-11-02,336.14677697249584
2019-11-03,
2019-11-04,344.97026429818237
2019-11-05,341.6992713665605
2019-11-06,338.90235874187965
2019-11-07,335.6096738756864
2019-11-08,332.6870528327391
2019-11-09,335.35703020724907
2019-11-10,
2019-11-11,334.70109104487847
2019-11-12,335.963491364791
2019-11-13,336.5117253973205
2019-11-14,339.9763950889917
2019-11-15,342.75374985802716
2019-11-16,
2019-11-17,
2019-11-18,347.5754014384232
2019-11-19,341.8404258130534
2019-11-20,347.5589370614919
2019-11-21,
2019-11-22,352.5101633449194
2019-11-23,350.08941776704575
2019-11-24,
2019-11-25,346.44741667975467
2019-11-26,344.8907156488982
2019-11-27,342.15614000201765
2019-11-28,340.30715693128064
2019-11-29,341.72488021179197
2019-11-30,
2019-12-01,
2019-12-02,341.53379808526915
2019-12-03,344.2231568807468
2019-12-04,347.37953363999077
2019-12-05,342.71172758361337
2019-12-06,342.7043557801578
2019-12-07,
2019-12-08,
2019-12-09,336.189138762659
2019-12-10,338.88604506701023
2019-12-11,344.1093161340196
2019-12-12,347.95698530081586
2019-12-13,349.30271686451084
2019-12-14,
2019-12-15,
2019-12-16,351.0947204487111
2019-12-17,348.60527718385157
2019-12-18,352.4302329260731
2019-12-19,351.27212972046823
2019-12-20,351.6546764887176
2019-12-21,354.000920241702
2019-12-22,
2019-12-23,356.08199903238904
2019-12-24,351.49567797735534
2019-12-25,
2019-12-26,352.89839406144614
2019-12-27,355.5944743201743
2019-12-28,
2019-12-29,
2019-12-30,
2019-12-31,357.7928167533121
